<?xml version='1.0' encoding='utf-8'?>
<!-- ACTUALIZACION DE TABLAS -->
<!DOCTYPE hibernate-configuration PUBLIC
 "-//Hibernate/Hibernate Configuration DTD 3.0//EN"
 "http://www.hibernate.org/dtd/hibernate-configuration-3.0.dtd">
<hibernate-configuration>
	<session-factory>
		<!-- Configuración de conexión a la base de datos -->
		<property name="connection.driver_class">com.mysql.jdbc.Driver</property>
		<property name="connection.url">jdbc:mysql://localhost:3306/BibliotecaHibernate</property>
		<property name="connection.username">root</property>
		<property name="connection.password"></property>
		<!-- Pool de conexiones JDBC (se usa la que viene por defecto) -->
		<property name="connection.pool_size">1</property>
		<!-- Dialecto SQL -->
		<property name="dialect">org.hibernate.dialect.MySQLDialect</property>
		<!-- Muestra en la consola todas las consultas SQL ejecutadas -->
		<property name="show_sql">true</property>
		<!-- Elimina y vuelve a crear el esquema de la base de datos al iniciar 
			si siempre esta sin comentar cada vez que lo ejecuto crea las tablas para 
			ello poner create-drop, si no quiero que vuelva a crear las tablas pondré 
			update -->
		<property name="hbm2ddl.auto">update</property> 
		<!-- Mapeo tablas -->
		<mapping class="hibernate.ui.mapeo.Autores" />
		<mapping class="hibernate.ui.mapeo.Libros" />
		<mapping class="hibernate.ui.mapeo.AutoresLibros" />
		<mapping class="hibernate.ui.mapeo.DepositoLegal" />
		<mapping class="hibernate.ui.mapeo.Ejemplares" />
	
	
	</session-factory>
</hibernate-configuration> 
